Generation,Best fitness,Worst fitness,Average fitness
1,19.8,2.0,10.460204081632652
2,19.2,2.8,10.803061224489797
3,22.2,3.8,11.172448979591838
4,22.4,3.2,10.784693877551021
5,20.2,2.4,11.0969387755102
6,24.6,4.6,11.153061224489797
7,23.2,3.2,11.09183673469387
8,23.4,2.6,10.991836734693882
9,26.4,4.2,11.363265306122448
10,24.4,3.2,11.329591836734684
11,22.6,3.2,11.511224489795913
12,23.0,2.8,11.484693877551019
13,23.4,2.2,11.790816326530612
14,21.0,2.2,11.388775510204088
15,24.2,1.4,11.801020408163259
16,24.0,1.4,11.874489795918361
17,23.2,4.0,12.114285714285717
18,24.2,3.4,12.888775510204074
19,24.0,4.0,12.40102040816327
20,23.0,4.4,12.641836734693882
21,24.2,2.4,12.537755102040814
22,23.4,2.6,12.307142857142852
23,24.0,3.0,12.327551020408166
24,26.6,2.2,12.39285714285714
25,25.0,4.6,13.005102040816329
26,23.8,3.0,12.187755102040814
27,26.2,2.6,12.924489795918367
28,23.8,2.6,12.532653061224485
29,24.2,2.8,12.958163265306135
30,25.4,2.8,13.347959183673472
31,24.4,3.6,13.590816326530613
32,24.6,4.6,13.500000000000005
33,24.2,2.2,13.3530612244898
34,26.2,4.0,13.556122448979592
35,25.8,4.0,12.726530612244899
36,25.2,3.0,12.688775510204081
37,26.6,3.8,13.665306122448966
38,26.2,4.4,13.518367346938774
39,25.4,3.2,13.28877551020408
40,26.8,4.4,13.559183673469395
41,26.0,5.4,13.670408163265304
42,26.4,2.2,13.82448979591836
43,28.0,3.2,13.427551020408163
44,25.8,3.6,13.48571428571429
45,27.2,3.2,13.081632653061227
46,27.4,2.6,13.069387755102035
47,27.6,1.4,12.989795918367351
48,26.4,3.0,12.38775510204082
49,28.0,4.8,12.69183673469388
50,28.8,3.2,12.7234693877551
51,29.2,2.2,13.218367346938772
52,28.2,2.6,13.587755102040818
53,29.4,3.0,13.033673469387757
54,29.4,3.6,12.765306122448978
55,27.6,2.2,12.903061224489806
56,29.0,2.8,13.552040816326535
57,28.2,1.8,13.915306122448968
58,27.0,1.8,13.765306122448967
59,28.4,2.4,13.43061224489796
60,28.4,3.2,13.91326530612245
61,27.4,4.2,14.006122448979598
62,28.8,1.8,13.738775510204079
63,30.8,3.4,13.53061224489796
64,27.2,3.6,13.143877551020422
65,29.6,2.8,14.237755102040826
66,28.8,2.6,13.52448979591837
67,30.0,2.2,13.580612244897965
68,29.0,4.0,13.405102040816335
69,29.4,4.0,14.124489795918375
70,29.2,2.8,14.003061224489784
71,28.4,3.0,13.65102040816326
72,30.8,4.0,14.844897959183676
73,29.2,4.2,14.825510204081638
74,30.4,3.6,14.801020408163254
75,31.4,2.8,15.45204081632653
76,30.4,4.0,15.460204081632652
77,30.4,3.4,15.090816326530616
78,29.8,5.0,15.174489795918367
79,31.0,4.4,14.852040816326538
80,29.6,4.8,14.122448979591839
81,31.4,4.2,14.757142857142854
82,30.6,2.4,14.890816326530611
83,32.2,2.4,15.280612244897952
84,32.0,3.8,14.398979591836733
85,31.8,0.6,14.845918367346941
86,32.2,4.8,14.739795918367351
87,31.2,2.8,15.11836734693878
88,31.0,4.0,15.197959183673465
89,32.8,3.0,16.5204081632653
90,31.0,3.4,16.227551020408157
91,31.2,4.8,16.126530612244903
92,33.2,6.4,16.787755102040823
93,30.2,4.6,15.963265306122445
94,31.4,4.8,16.26020408163264
95,32.4,3.4,16.126530612244903
96,33.0,4.0,16.770408163265305
97,33.0,6.2,16.906122448979595
98,31.8,5.0,17.605102040816334
99,31.8,5.2,17.473469387755106
100,33.0,3.6,17.135714285714293
101,32.0,2.0,17.22857142857143
102,33.0,4.2,17.301020408163264
103,32.2,4.4,17.370408163265303
104,33.6,5.0,17.47244897959183
105,32.6,3.0,17.34183673469387
106,34.0,4.4,17.55612244897958
107,33.6,5.2,17.780612244897963
108,35.2,5.6,18.10510204081632
109,34.2,3.6,17.566326530612248
110,33.4,4.2,16.5734693877551
111,34.8,3.4,17.46530612244898
112,32.6,3.4,16.992857142857144
113,32.8,3.4,17.39285714285715
114,37.6,3.4,18.013265306122435
115,32.8,5.0,16.151020408163262
116,34.8,4.8,17.439795918367363
117,35.2,4.6,17.05714285714286
118,33.4,4.2,17.020408163265294
119,37.0,4.4,16.620408163265306
120,35.0,3.4,16.209183673469386
121,33.8,4.8,17.476530612244897
122,36.0,3.2,17.373469387755097
123,36.0,4.6,18.209183673469386
124,36.0,4.4,17.834693877551018
125,35.4,4.0,17.639795918367344
126,35.6,4.0,17.970408163265304
127,33.8,5.0,18.201020408163266
128,36.6,5.8,18.231632653061226
129,35.8,5.4,18.17857142857144
130,35.4,7.2,18.875510204081632
131,36.4,6.0,19.252040816326534
132,36.6,3.2,19.085714285714303
133,39.0,4.6,20.419387755102036
134,36.6,2.8,20.004081632653058
135,36.4,3.4,19.671428571428574
136,36.8,6.6,19.80306122448978
137,37.8,5.6,19.69897959183672
138,38.4,3.8,20.39591836734693
139,38.8,6.6,21.270408163265312
140,38.0,2.8,21.16734693877552
141,37.0,5.6,21.800000000000004
142,37.6,5.0,21.61938775510204
143,36.0,5.6,20.3091836734694
144,37.2,5.0,20.605102040816345
145,37.6,5.0,20.459183673469383
146,36.0,5.6,19.18163265306123
147,36.2,3.8,18.93775510204082
148,36.8,5.2,18.92959183673469
149,37.2,3.2,20.032653061224487
150,38.8,4.2,20.252040816326538
151,36.2,4.8,18.993877551020418
152,37.0,5.8,19.91224489795919
153,38.6,5.4,20.469387755102037
154,37.4,4.4,19.861224489795916
155,39.0,5.6,19.34897959183675
156,39.6,4.2,19.50612244897959
157,38.2,4.8,19.065306122448973
158,39.4,3.4,19.3673469387755
159,40.0,7.0,20.19285714285715
160,39.2,5.0,20.044897959183672
161,41.2,6.4,21.336734693877553
162,40.8,4.2,20.500000000000018
163,38.6,6.2,20.623469387755094
164,40.8,6.6,20.878571428571433
165,41.8,3.8,21.27244897959184
166,41.0,4.2,20.98163265306121
167,40.0,5.8,20.287755102040816
168,40.0,6.2,19.670408163265307
169,39.6,6.0,20.079591836734693
170,41.0,4.4,19.635714285714283
171,39.4,3.8,19.601020408163276
172,39.6,7.2,20.597959183673478
173,41.8,7.0,20.43877551020409
174,41.4,3.2,19.2173469387755
175,41.4,4.2,19.225510204081633
176,41.6,4.4,19.78061224489796
177,39.6,5.4,19.642857142857146
178,40.6,4.8,21.19897959183674
179,39.8,3.0,20.55102040816327
180,40.0,2.8,19.917346938775513
181,40.8,5.0,19.81224489795918
182,39.0,6.2,20.05102040816327
183,40.6,4.0,19.658163265306126
184,37.4,3.6,20.4469387755102
185,40.6,4.4,21.923469387755098
186,40.6,4.2,21.805102040816326
187,41.0,5.0,21.584693877551025
188,41.2,5.4,21.28163265306122
189,40.2,5.2,21.060204081632655
190,40.6,5.0,20.320408163265306
191,40.8,3.0,21.12244897959184
192,40.4,5.8,21.585714285714293
193,42.4,6.2,22.079591836734686
194,40.2,6.6,21.083673469387747
195,41.2,4.0,20.17959183673469
196,39.8,4.2,19.428571428571413
197,41.2,5.8,19.905102040816324
198,41.0,6.8,20.294897959183665
199,40.4,6.8,20.079591836734696
200,40.4,3.6,19.785714285714278
201,40.2,6.4,20.946938775510187
202,41.2,4.6,20.783673469387754
203,38.2,5.6,19.929591836734694
204,40.4,5.6,20.57551020408164
205,42.0,5.2,21.229591836734684
206,41.0,4.8,20.730612244897955
207,39.0,5.8,20.40204081632652
208,39.2,6.0,21.713265306122427
209,42.0,6.4,21.885714285714297
210,41.0,6.4,21.83163265306123
211,44.4,7.6,22.78775510204083
212,37.2,6.0,20.366326530612252
213,41.6,6.0,21.56632653061224
214,43.0,6.2,23.082653061224494
215,40.4,3.2,21.728571428571417
216,42.4,4.0,21.433673469387756
217,40.4,4.8,21.711224489795917
218,42.0,6.8,22.87653061224488
219,41.6,4.2,22.984693877551017
220,42.2,3.4,22.25918367346938
221,42.0,3.8,22.78061224489797
222,41.0,6.0,21.140816326530608
223,42.4,6.2,21.79591836734693
224,41.6,5.6,21.467346938775506
225,42.0,7.4,21.261224489795936
226,42.0,6.6,21.0357142857143
227,41.8,4.2,21.560204081632673
228,41.8,5.2,21.78061224489797
229,42.0,4.4,22.61224489795918
230,41.2,4.6,22.039795918367332
231,41.8,5.4,22.78061224489794
232,42.8,4.8,22.23571428571429
233,40.4,7.4,22.61122448979593
234,42.6,6.8,23.540816326530617
235,41.8,6.2,23.916326530612242
236,44.6,5.8,24.79285714285715
237,40.6,6.2,21.416326530612242
238,42.6,6.8,22.524489795918374
239,42.6,6.2,23.86530612244897
240,44.0,5.6,23.826530612244888
241,41.2,5.4,22.860204081632684
242,40.8,4.8,22.706122448979603
243,44.0,3.6,23.533673469387754
244,41.4,7.0,23.503061224489795
245,42.8,5.2,22.920408163265332
246,41.6,5.4,23.382653061224502
247,44.2,4.0,23.302040816326535
248,47.4,7.4,23.548979591836737
249,46.4,5.6,24.91938775510203
250,44.2,3.8,24.151020408163262
251,44.6,7.2,24.376530612244895
252,43.6,4.0,21.767346938775518
253,46.6,7.4,23.502040816326538
254,44.8,7.0,21.995918367346928
255,43.4,6.2,22.500000000000014
256,46.2,7.0,23.898979591836756
257,43.2,6.0,22.627551020408163
258,41.6,4.4,22.811224489795922
259,43.8,5.4,23.960204081632657
260,43.4,2.4,23.142857142857135
261,45.4,4.8,23.631632653061224
262,45.2,7.0,23.319387755102014
263,44.0,5.4,23.682653061224492
264,45.8,4.8,23.717346938775517
265,44.8,4.4,22.713265306122462
266,46.6,5.8,22.18877551020406
267,42.0,6.4,21.074489795918364
268,41.4,5.2,21.656122448979602
269,46.8,5.0,22.54795918367348
270,43.6,7.8,21.3938775510204
271,43.6,4.2,21.121428571428574
272,42.6,7.0,20.952040816326527
273,46.4,3.2,22.23061224489796
274,46.2,6.2,21.81632653061225
275,45.8,5.2,22.5
276,43.6,4.2,22.008163265306116
277,45.4,5.2,24.152040816326537
278,44.0,5.2,23.08469387755102
279,46.0,6.4,25.26836734693878
280,45.6,6.0,23.998979591836736
281,45.6,4.0,23.222448979591828
282,42.6,7.0,21.731632653061226
283,46.6,4.8,24.143877551020406
284,44.8,5.2,22.604081632653077
285,42.2,6.2,22.129591836734697
286,45.2,6.6,23.59489795918367
287,43.2,5.4,22.171428571428574
288,48.2,7.2,23.918367346938776
289,45.4,6.6,23.12244897959185
290,45.8,5.0,24.58163265306124
291,44.8,6.0,24.787755102040805
292,45.4,7.2,25.046938775510203
293,41.4,4.2,24.2081632653061
294,46.8,5.6,25.321428571428577
295,42.2,5.4,23.4530612244898
296,44.8,5.8,25.20408163265306
297,45.2,7.4,23.946938775510212
298,43.8,7.8,22.761224489795914
299,43.2,7.2,23.23367346938776
300,44.4,3.2,23.672448979591834
301,46.0,5.4,23.213265306122445
302,47.4,7.2,23.784693877551007
303,44.0,4.2,23.664285714285732
304,43.4,6.0,22.19285714285715
305,48.2,5.4,23.64897959183674
306,47.0,4.8,22.71020408163267
307,46.0,4.6,23.10408163265307
308,47.0,1.8,23.630612244897964
309,45.0,6.2,22.497959183673473
310,46.4,3.8,24.67959183673468
311,47.0,6.6,26.36938775510203
312,44.2,6.4,23.821428571428577
313,44.0,7.0,22.83877551020409
314,45.2,6.0,22.988775510204075
315,45.2,5.4,23.575510204081628
316,44.8,7.4,22.545918367346935
317,46.0,5.8,23.574489795918378
318,43.8,5.8,23.14489795918369
319,44.6,8.0,24.358163265306132
320,46.4,5.4,24.054081632653055
321,46.0,7.4,23.422448979591834
322,44.4,5.0,24.140816326530615
323,47.0,7.4,24.067346938775522
324,43.8,5.0,23.049999999999997
325,43.4,6.6,23.336734693877546
326,44.2,7.2,24.47857142857142
327,47.6,7.4,26.238775510204082
328,45.2,5.0,24.285714285714285
329,47.0,5.2,23.995918367346924
330,45.0,8.6,23.215306122448983
331,48.6,5.6,24.71326530612246
332,47.2,7.4,24.620408163265306
333,45.6,8.0,23.582653061224494
334,45.6,0.8,23.747959183673487
335,46.2,4.6,22.729591836734695
336,47.0,7.8,24.271428571428583
337,45.8,7.8,23.278571428571436
338,47.0,6.2,23.62448979591838
339,44.8,3.4,22.678571428571416
340,46.4,5.2,22.752040816326527
341,43.4,5.4,22.266326530612247
342,46.2,6.0,22.744897959183678
343,43.6,3.6,22.102040816326532
344,41.6,4.4,22.701020408163263
345,46.8,5.4,23.613265306122468
346,44.8,4.8,22.006122448979593
347,45.4,5.2,22.0765306122449
348,45.2,6.2,21.8469387755102
349,45.8,5.8,22.296938775510203
350,44.8,6.2,23.33571428571428
351,47.0,6.8,23.714285714285722
352,47.2,2.4,22.734693877551017
353,43.0,7.4,22.299999999999997
354,45.2,4.6,23.20816326530612
355,44.0,6.2,22.672448979591852
356,46.2,5.0,22.18367346938774
357,43.2,7.4,21.976530612244897
358,46.0,4.0,23.050000000000004
359,44.4,6.2,23.28367346938776
360,44.4,6.4,23.501020408163264
361,45.6,5.6,23.085714285714282
362,45.0,3.8,22.269387755102038
363,44.0,6.4,21.074489795918364
364,47.2,7.6,22.759183673469398
365,43.6,6.2,22.426530612244903
366,45.4,4.8,22.880612244897957
367,45.4,3.2,22.567346938775508
368,46.4,5.0,22.93163265306122
369,47.0,6.0,23.59489795918368
370,46.4,5.8,23.802040816326542
371,44.6,4.8,22.7530612244898
372,44.8,5.4,22.773469387755103
373,46.0,5.4,22.227551020408164
374,46.0,5.2,21.863265306122457
375,45.8,8.2,21.348979591836724
376,47.6,5.6,22.73571428571429
377,43.6,6.6,22.24795918367346
378,43.4,7.2,22.54591836734694
379,47.8,4.6,23.661224489795917
380,46.2,4.2,22.292857142857155
381,46.2,5.8,22.201020408163274
382,44.4,4.8,22.61938775510204
383,45.0,5.6,22.979591836734684
384,47.6,6.2,24.8142857142857
385,45.6,6.0,24.747959183673466
386,47.8,7.8,24.834693877551025
387,46.8,7.2,24.61938775510204
388,45.8,6.6,23.78367346938776
389,43.2,6.8,22.127551020408145
390,45.2,3.0,22.217346938775513
391,43.8,3.8,22.09285714285714
392,46.2,1.6,24.163265306122447
393,41.8,7.0,23.143877551020392
394,47.0,3.6,25.68673469387756
395,47.4,5.6,25.1908163265306
396,43.2,6.4,24.779591836734678
397,45.0,2.6,24.73571428571429
398,46.8,5.8,25.185714285714276
399,45.0,7.0,24.512244897959167
400,44.8,4.8,23.69795918367346
401,45.8,8.4,24.13877551020407
402,45.0,4.2,23.932653061224492
403,44.2,4.6,23.495918367346928
404,44.4,5.0,23.078571428571426
405,44.4,6.4,22.958163265306116
406,43.6,3.8,22.995918367346942
407,46.2,6.2,23.906122448979602
408,44.2,7.2,23.649999999999988
409,46.0,8.6,23.946938775510205
410,44.2,3.2,23.572448979591837
411,46.4,8.0,24.736734693877544
412,47.8,4.4,24.711224489795924
413,44.6,5.4,23.431632653061232
414,45.6,7.0,24.0591836734694
415,43.6,7.4,23.028571428571418
416,43.2,5.6,22.276530612244887
417,44.8,6.6,22.529591836734703
418,44.4,5.4,22.17448979591839
419,45.4,6.8,22.892857142857167
420,44.6,4.4,24.24795918367345
421,45.2,6.0,25.25
422,45.8,4.6,24.16938775510204
423,45.2,5.8,24.262244897959185
424,43.2,4.0,23.229591836734695
425,45.0,9.2,24.267346938775514
426,42.8,7.2,23.054081632653055
427,44.2,7.8,22.74897959183674
428,43.8,6.0,22.923469387755098
429,43.8,6.4,22.111224489795905
430,42.8,6.6,21.288775510204076
431,43.4,6.0,21.196938775510198
432,43.4,6.2,21.56836734693876
433,45.4,8.4,21.60510204081632
434,44.0,6.4,21.230612244897955
435,44.4,5.8,22.483673469387753
436,49.0,5.4,23.59285714285716
437,45.6,7.0,23.109183673469385
438,45.0,5.6,23.197959183673472
439,44.0,7.0,22.381632653061224
440,46.0,6.8,22.70102040816326
441,45.6,7.2,23.217346938775492
442,44.2,7.2,21.304081632653055
443,46.6,4.6,22.145918367346955
444,45.2,4.6,22.45408163265305
445,42.2,6.0,22.859183673469392
446,45.0,7.4,23.818367346938764
447,45.6,3.8,22.64183673469388
448,44.2,6.2,23.872448979591844
449,43.6,5.0,23.230612244897962
450,47.6,6.2,23.75816326530612
451,42.8,6.6,22.21326530612244
452,44.0,6.2,22.58061224489796
453,47.2,7.2,23.48061224489796
454,44.0,7.2,22.83571428571428
455,47.4,4.8,24.178571428571434
456,44.2,6.0,22.936734693877543
457,43.8,2.6,21.794897959183682
458,44.6,4.4,23.439795918367338
459,48.0,5.2,25.62142857142856
460,45.0,5.6,23.19183673469387
461,44.8,5.2,22.571428571428566
462,43.4,8.0,22.62755102040816
463,42.8,5.0,22.261224489795907
464,44.4,3.8,22.567346938775515
465,42.6,5.6,22.359183673469385
466,45.0,7.8,24.55306122448981
467,42.4,5.8,23.171428571428567
468,45.6,5.2,23.535714285714295
469,46.0,2.4,23.92857142857142
470,46.2,5.0,23.554081632653055
471,44.4,3.6,23.73163265306121
472,41.8,4.6,22.836734693877563
473,46.4,6.0,24.132653061224488
474,45.2,4.4,23.098979591836713
475,46.6,3.8,24.172448979591838
476,46.8,5.4,24.951020408163256
477,45.0,6.4,24.604081632653056
478,46.6,4.2,23.52346938775509
479,45.8,7.0,23.801020408163275
480,46.2,5.8,23.54285714285714
481,42.8,8.2,23.489795918367356
482,44.0,5.4,22.565306122448977
483,42.2,7.0,22.769387755102027
484,47.8,6.8,23.135714285714293
485,43.8,5.4,22.728571428571428
486,48.2,8.2,23.791836734693874
487,44.8,3.6,23.713265306122455
488,48.0,7.6,24.609183673469385
489,45.0,6.4,22.62244897959184
490,44.8,7.0,22.62653061224489
491,47.8,5.2,23.815306122448977
492,46.8,5.6,24.255102040816332
493,45.8,5.8,23.783673469387764
494,47.8,4.0,26.12551020408163
495,44.6,5.0,24.96938775510206
496,45.8,6.0,23.14285714285714
497,46.4,6.0,23.983673469387746
498,47.2,6.4,25.238775510204086
499,47.6,5.4,24.902040816326522
500,49.2,6.2,25.5530612244898
501,47.4,4.6,24.888775510204077
502,47.0,6.6,25.324489795918375
503,49.4,8.2,26.433673469387745
504,47.8,6.4,24.92653061224491
505,46.6,3.0,24.417346938775502
506,49.4,5.2,25.052040816326535
507,43.8,7.2,24.21632653061224
508,45.2,6.0,24.89489795918369
509,47.2,4.4,25.021428571428565
510,46.6,8.6,24.878571428571426
511,46.2,4.8,23.557142857142846
512,45.2,6.6,23.70408163265305
513,47.4,7.4,24.092857142857127
514,46.0,5.2,24.066326530612244
515,47.0,6.0,24.22142857142856
516,45.2,6.4,25.176530612244882
517,49.0,3.2,27.918367346938783
518,44.2,5.4,25.2969387755102
519,44.6,5.6,24.4438775510204
520,47.0,5.6,26.03673469387757
521,46.4,6.4,26.951020408163277
522,48.0,7.0,25.988775510204096
523,47.6,6.0,26.052040816326542
524,45.6,6.4,24.56632653061225
525,47.2,8.0,25.322448979591822
526,49.2,6.8,26.18877551020408
527,47.2,5.8,25.340816326530618
528,47.6,5.0,24.90306122448979
529,46.2,5.2,23.68061224489796
530,46.0,8.4,23.860204081632645
531,49.6,6.4,24.722448979591828
532,48.2,5.6,24.839795918367358
533,45.8,2.4,23.05408163265306
534,48.0,7.4,22.45816326530611
535,43.8,7.0,22.165306122448975
536,46.6,5.4,22.197959183673493
537,51.2,2.8,22.767346938775493
538,46.6,5.8,22.463265306122455
539,47.0,6.6,22.75918367346938
540,51.0,7.6,24.002040816326513
541,46.2,7.4,24.50000000000001
542,47.4,6.4,24.118367346938783
543,49.8,5.2,25.42755102040816
544,50.4,7.8,26.840816326530604
545,50.2,6.2,26.586734693877574
546,51.0,5.2,26.126530612244885
547,47.6,4.6,25.37755102040815
548,46.8,7.8,25.993877551020418
549,50.0,6.4,27.00204081632652
550,48.0,7.0,26.558163265306153
551,49.0,6.8,27.043877551020415
552,49.0,6.0,27.37244897959184
553,48.6,3.6,27.493877551020397
554,49.6,5.6,27.436734693877547
555,50.6,8.2,28.585714285714285
556,51.0,8.4,28.055102040816333
557,50.8,5.6,27.617346938775484
558,50.2,6.8,29.143877551020406
559,49.6,6.8,28.861224489795916
560,51.6,8.2,28.179591836734694
561,52.6,6.6,27.72244897959184
562,49.8,6.6,27.341836734693878
563,50.6,4.8,27.325510204081638
564,48.4,7.0,27.387755102040824
565,51.8,4.6,27.211224489795917
566,52.0,5.0,28.47959183673471
567,50.6,9.0,28.022448979591843
568,51.4,5.6,28.35102040816326
569,51.4,9.4,28.730612244897962
570,51.6,7.0,27.03673469387755
571,48.4,5.8,26.437755102040832
572,52.4,8.6,27.496938775510205
573,53.4,7.2,27.432653061224492
574,51.6,5.0,25.850000000000016
575,53.2,7.6,26.043877551020387
576,53.2,7.2,25.66326530612244
577,52.8,6.2,26.734693877551038
578,54.0,4.2,27.73163265306122
579,51.8,6.8,26.733673469387742
580,51.6,6.0,27.195918367346934
581,51.8,3.6,28.32653061224491
582,54.6,6.8,29.58571428571427
583,52.6,7.8,28.606122448979583
584,51.6,7.8,27.866326530612245
585,54.8,4.6,31.053061224489788
586,51.0,6.8,28.88265306122451
587,51.0,8.2,30.494897959183653
588,53.2,6.6,31.355102040816327
589,50.6,7.2,29.450000000000014
590,51.4,7.6,31.206122448979585
591,54.4,5.8,32.419387755102036
592,53.8,9.6,30.26224489795918
593,50.2,5.8,28.84387755102042
594,54.0,7.2,30.410204081632642
595,52.6,8.6,30.366326530612223
596,52.0,6.2,29.78979591836734
597,53.0,7.8,29.76326530612243
598,52.2,9.0,30.16020408163264
599,52.2,8.6,29.039795918367332
600,52.6,5.8,28.644897959183663
601,53.6,9.4,30.722448979591828
602,53.2,8.6,30.68265306122448
603,51.2,7.0,27.81938775510206
604,54.4,6.6,28.125510204081635
605,52.4,6.2,28.203061224489815
606,53.2,8.4,29.08265306122451
607,52.0,5.4,28.221428571428582
608,54.0,7.4,27.591836734693878
609,51.6,6.2,27.22244897959184
610,55.2,4.0,28.084693877551018
611,52.4,2.2,27.561224489795922
612,51.8,7.4,27.186734693877547
613,53.4,6.0,27.728571428571428
614,53.4,3.4,28.424489795918372
615,54.4,9.4,28.57040816326529
616,52.0,7.6,27.778571428571407
617,50.6,6.8,27.720408163265315
618,52.8,5.6,26.333673469387744
619,54.2,8.4,29.143877551020406
620,52.0,7.2,29.19795918367345
621,52.4,5.6,27.42040816326529
622,52.4,8.2,27.365306122448963
623,53.8,8.2,29.167346938775513
624,53.0,7.2,30.095918367346915
625,50.6,6.0,29.681632653061246
626,52.0,8.2,28.834693877551018
627,50.0,4.2,28.91938775510204
628,52.0,6.6,29.13469387755103
629,53.4,6.4,28.095918367346943
630,53.0,9.0,29.28571428571427
631,55.0,6.6,29.663265306122458
632,55.2,7.2,29.607142857142843
633,52.8,8.2,28.444897959183674
634,52.6,5.6,28.679591836734694
635,53.0,5.8,29.844897959183665
636,54.2,6.4,30.007142857142874
637,53.8,9.0,29.797959183673477
638,53.0,6.8,28.653061224489786
639,51.8,7.6,28.733673469387742
640,52.6,6.0,28.96530612244899
641,50.0,7.2,27.670408163265307
642,50.2,5.6,27.848979591836756
643,53.4,4.4,28.690816326530634
644,52.4,8.6,29.30918367346938
645,53.2,9.4,28.58571428571428
646,54.6,4.4,28.202040816326512
647,53.4,6.4,28.90408163265307
648,52.4,9.2,28.803061224489813
649,53.6,3.8,29.107142857142858
650,50.6,7.8,27.240816326530602
651,54.0,5.4,28.533673469387757
652,54.6,6.4,29.464285714285705
653,51.6,5.2,27.079591836734696
654,52.2,5.6,28.589795918367336
655,52.2,8.2,28.84591836734694
656,55.0,9.0,30.561224489795894
657,54.4,6.2,29.861224489795934
658,54.0,9.8,30.21632653061224
659,53.2,8.0,29.28979591836732
660,56.4,6.4,29.70510204081632
661,54.6,7.4,28.882653061224527
662,54.0,6.6,28.00408163265308
663,53.2,8.4,28.584693877551015
664,51.6,7.2,29.385714285714283
665,52.6,7.6,29.10510204081634
666,54.2,7.4,30.033673469387747
667,55.6,5.8,29.248979591836754
668,56.2,5.4,30.29387755102039
669,52.2,5.8,29.68673469387753
670,54.8,7.8,31.12244897959182
671,53.6,7.0,30.496938775510216
672,51.8,7.0,29.656122448979595
673,52.4,8.4,28.21326530612247
674,55.4,8.4,28.143877551020402
675,54.8,5.8,28.17755102040816
676,54.2,6.4,28.358163265306107
677,51.0,6.8,26.27551020408164
678,55.8,8.0,27.665306122448985
679,54.8,5.8,26.982653061224482
680,57.4,7.4,27.26530612244898
681,52.4,8.0,27.432653061224485
682,53.6,9.6,28.956122448979617
683,57.0,8.0,29.865306122449
684,56.2,9.2,28.93265306122448
685,55.0,10.0,28.464285714285722
686,55.8,5.4,28.530612244897956
687,53.8,9.0,29.12142857142859
688,55.6,6.2,29.76734693877549
689,54.6,6.8,29.135714285714272
690,53.6,5.8,28.735714285714266
691,56.2,6.8,28.340816326530607
692,56.0,9.2,29.174489795918365
693,57.8,7.0,29.67959183673467
694,55.2,5.0,29.388775510204066
695,56.8,8.0,28.436734693877558
696,54.4,6.2,27.002040816326524
697,57.4,7.8,27.22755102040818
698,57.4,8.6,28.11224489795921
699,55.2,4.2,27.09795918367345
700,55.4,8.0,27.71938775510203
701,56.4,7.0,28.527551020408147
702,55.6,6.4,28.62346938775509
703,53.0,6.4,26.966326530612236
704,54.8,8.0,28.869387755102057
705,53.2,6.6,28.172448979591838
706,53.0,6.0,29.296938775510235
707,55.8,8.8,29.840816326530618
708,55.8,9.2,30.632653061224463
709,54.4,4.4,28.7091836734694
710,54.4,6.4,28.90102040816329
711,53.2,4.0,29.020408163265298
712,52.6,8.0,28.807142857142832
713,56.2,8.8,30.471428571428557
714,57.0,8.2,31.091836734693874
715,54.6,6.6,29.829591836734693
716,53.6,6.6,29.24999999999997
717,52.4,8.4,29.59795918367348
718,52.8,5.6,27.985714285714295
719,52.8,3.6,28.980612244897948
720,53.8,6.6,29.45510204081631
721,53.0,7.8,29.68469387755103
722,53.8,7.4,30.334693877551015
723,52.8,9.8,30.49693877551017
724,55.8,6.2,30.082653061224477
725,55.0,5.8,29.660204081632642
726,53.6,8.8,28.696938775510215
727,55.6,7.2,30.730612244897927
728,51.8,9.2,27.841836734693874
729,52.4,9.0,27.34081632653062
730,57.2,8.6,27.861224489795937
731,56.6,8.4,27.13163265306123
732,54.6,6.0,26.28061224489795
733,52.8,3.0,26.902040816326522
734,54.0,4.2,26.2295918367347
735,55.2,5.8,26.475510204081623
736,54.4,5.8,27.576530612244888
737,53.4,8.0,26.22755102040816
738,57.0,4.8,27.57755102040815
739,54.0,8.0,26.7530612244898
740,52.4,7.2,27.395918367346937
741,53.4,7.6,28.28367346938774
742,53.6,8.8,28.61734693877553
743,54.0,9.2,28.662244897959194
744,55.8,7.4,29.734693877551038
745,56.6,7.2,29.031632653061223
746,55.2,6.6,30.15714285714284
747,55.0,3.8,29.164285714285718
748,55.2,6.4,28.35510204081632
749,54.6,7.6,27.090816326530593
750,53.2,7.4,25.912244897959166
751,56.4,6.4,27.122448979591844
752,55.4,7.2,27.35204081632652
753,56.0,8.0,27.369387755102043
754,55.4,8.4,27.283673469387747
755,52.2,6.2,27.563265306122442
756,52.6,7.6,26.26428571428573
757,53.8,8.0,28.297959183673473
758,54.6,7.4,27.647959183673464
759,55.4,8.6,27.010204081632647
760,57.6,6.6,27.064285714285706
761,57.0,9.2,26.608163265306132
762,55.0,5.8,26.17653061224491
763,54.4,5.6,27.437755102040803
764,56.6,7.0,27.892857142857142
765,54.4,6.8,28.348979591836727
766,54.4,5.8,28.07142857142856
767,54.2,4.4,27.388775510204084
768,54.2,7.2,28.8438775510204
769,56.6,3.8,28.54081632653062
770,56.6,8.0,28.208163265306116
771,58.0,5.4,28.69795918367348
772,55.4,6.0,28.38469387755103
773,55.4,7.0,29.40102040816328
774,52.8,7.6,28.82142857142859
775,53.6,6.0,28.69183673469387
776,54.0,9.2,28.113265306122468
777,56.6,6.4,28.820408163265302
778,55.8,9.6,27.490816326530606
779,53.6,7.2,27.527551020408158
780,53.8,4.0,27.883673469387745
781,51.4,9.4,27.362244897959197
782,53.2,8.0,26.503061224489798
783,51.6,8.0,25.574489795918367
784,54.2,3.4,26.578571428571436
785,54.8,7.8,28.466326530612225
786,58.2,7.4,28.25714285714286
787,54.8,8.2,27.678571428571423
788,55.4,8.6,28.038775510204076
789,56.8,7.0,28.270408163265298
790,56.2,8.0,27.724489795918352
791,55.6,4.2,27.94897959183673
792,55.0,7.8,29.138775510204095
793,55.8,7.0,29.028571428571432
794,53.0,5.4,28.030612244897945
795,54.0,8.2,27.790816326530617
796,53.2,8.6,27.942857142857157
797,53.8,5.2,28.540816326530628
798,57.0,9.8,29.664285714285707
799,54.0,6.0,27.856122448979587
800,57.4,8.6,29.189795918367356
801,52.8,4.8,29.08265306122448
802,55.2,8.6,29.15
803,53.2,4.0,28.69897959183674
804,55.2,7.6,28.843877551020416
805,54.4,7.8,28.972448979591835
806,56.4,8.0,29.92653061224491
807,56.0,7.8,29.438775510204085
808,54.2,6.6,28.89183673469386
809,55.0,9.8,29.28367346938773
810,53.2,7.8,27.74183673469388
811,54.8,6.8,27.04591836734694
812,55.6,3.0,27.909183673469407
813,55.8,7.4,29.810204081632648
814,55.8,8.2,28.52040816326532
815,54.8,8.0,29.061224489795922
816,53.4,7.6,27.822448979591837
817,53.4,5.8,28.132653061224485
818,52.2,5.8,26.94285714285715
819,56.6,2.6,27.762244897959192
820,54.2,7.4,26.61020408163266
821,54.8,6.4,28.048979591836726
822,54.0,6.2,27.86428571428572
823,55.2,5.0,28.249999999999986
824,52.8,5.2,26.83877551020407
825,54.2,7.0,28.116326530612238
826,53.2,9.2,27.09489795918367
827,55.8,8.2,27.979591836734695
828,55.0,9.4,27.78979591836736
829,53.0,8.0,27.680612244897976
830,52.0,8.6,26.083673469387772
831,54.4,6.8,28.8765306122449
832,54.0,8.0,27.64693877551021
833,55.4,4.6,29.113265306122468
834,55.4,4.4,29.852040816326532
835,56.6,8.4,29.54489795918366
836,54.4,6.4,30.136734693877525
837,57.8,7.8,32.11224489795917
838,52.6,5.8,28.903061224489797
839,53.6,7.4,28.151020408163273
840,56.0,7.4,28.402040816326508
841,55.6,7.2,28.79285714285715
842,55.6,7.0,27.994897959183675
843,57.4,8.6,29.55000000000002
844,52.0,6.4,26.9061224489796
845,53.6,3.2,27.228571428571435
846,55.2,6.8,28.510204081632654
847,56.2,8.2,29.272448979591843
848,55.0,9.8,28.330612244897946
849,54.0,7.8,28.32653061224492
850,51.8,7.0,27.60102040816326
851,54.0,7.4,27.762244897959178
852,55.8,7.8,29.409183673469382
853,56.4,7.2,29.667346938775506
854,50.0,7.0,28.487755102040822
855,59.4,7.4,30.686734693877554
856,55.6,8.0,29.66326530612244
857,54.2,7.4,28.172448979591827
858,55.0,7.4,28.330612244897946
859,53.0,9.6,27.002040816326527
860,54.2,6.8,26.588775510204076
861,54.4,7.4,26.892857142857128
862,53.6,7.0,26.842857142857145
863,54.2,5.6,27.275510204081623
864,54.2,6.0,28.741836734693862
865,56.8,8.0,29.227551020408164
866,53.0,8.8,29.385714285714272
867,56.0,5.2,28.471428571428547
868,54.8,6.0,28.199999999999996
869,53.6,8.2,27.524489795918367
870,56.2,6.0,28.450000000000003
871,57.4,5.2,29.464285714285733
872,52.6,9.2,28.82551020408162
873,56.2,8.0,28.291836734693867
874,55.4,9.0,28.284693877551017
875,54.6,6.0,28.37346938775509
876,57.0,6.8,28.712244897959177
877,54.4,6.4,26.858163265306125
878,55.6,6.4,26.4173469387755
879,51.8,4.4,26.048979591836737
880,53.6,5.0,28.10306122448979
881,52.6,7.0,28.13673469387756
882,56.6,6.4,29.987755102040815
883,52.0,7.6,27.422448979591834
884,56.0,7.4,28.922448979591827
885,54.6,8.4,27.96326530612245
886,56.0,6.0,27.96836734693876
887,54.2,6.0,28.047959183673466
888,55.4,7.2,27.647959183673464
889,53.2,7.2,27.1204081632653
890,52.2,5.6,27.98061224489796
891,54.4,8.0,26.75102040816326
892,54.6,6.0,25.825510204081638
893,54.0,8.6,27.410204081632664
894,53.0,9.0,26.436734693877558
895,56.8,6.0,27.50612244897961
896,53.6,6.6,26.192857142857143
897,54.2,8.8,25.92857142857144
898,53.4,7.6,26.08979591836734
899,53.4,4.2,26.84897959183672
900,54.2,6.0,26.667346938775506
901,54.0,7.4,26.816326530612255
902,56.4,3.4,26.50510204081631
903,57.4,6.6,28.506122448979614
904,56.0,6.6,27.078571428571426
905,53.0,3.6,26.91836734693879
906,55.6,7.8,29.210204081632646
907,54.0,4.8,29.043877551020405
908,55.0,4.8,29.01836734693878
909,52.2,7.2,28.20918367346938
910,53.4,9.4,29.474489795918345
911,55.0,7.2,29.24795918367346
912,55.4,6.4,29.23979591836737
913,52.0,7.6,28.434693877551023
914,54.0,6.2,28.135714285714283
915,54.0,6.0,29.59285714285714
916,52.8,7.0,28.82142857142859
917,52.2,7.2,27.91836734693877
918,55.8,4.8,29.237755102040833
919,53.4,6.4,28.658163265306126
920,55.6,7.6,30.197959183673472
921,52.4,5.2,28.99897959183674
922,54.2,6.4,29.1622448979592
923,50.6,8.8,27.963265306122455
924,57.2,8.8,29.290816326530617
925,53.8,6.4,29.837755102040802
926,55.4,8.4,28.611224489795916
927,55.4,8.4,27.37755102040818
928,56.4,5.0,28.405102040816306
929,55.4,6.4,28.702040816326534
930,51.6,4.6,27.856122448979573
931,52.2,7.4,27.962244897959184
932,55.4,4.6,27.221428571428582
933,56.8,7.4,27.65612244897958
934,54.8,7.4,25.902040816326526
935,53.4,8.4,26.75306122448978
936,58.6,7.2,29.70714285714286
937,54.6,9.0,28.219387755102026
938,56.6,9.0,28.945918367346952
939,52.2,5.6,26.163265306122444
940,53.2,7.4,27.81020408163264
941,56.0,6.2,28.19897959183674
942,54.8,8.6,27.78163265306122
943,51.4,5.0,26.142857142857128
944,56.0,3.8,28.610204081632663
945,55.4,6.6,28.790816326530603
946,55.8,7.6,30.36938775510204
947,53.4,9.2,30.8295918367347
948,57.8,8.4,31.012244897959192
949,53.4,8.8,28.003061224489784
950,54.8,9.4,28.129591836734697
951,51.6,8.0,26.804081632653066
952,55.4,9.4,29.084693877551025
953,56.2,4.4,29.771428571428576
954,55.0,6.0,27.006122448979593
955,57.6,6.4,27.652040816326526
956,53.4,7.2,25.882653061224495
957,53.0,9.2,26.27244897959183
958,54.8,8.8,28.160204081632653
959,54.8,2.4,27.325510204081635
960,58.2,9.2,28.836734693877546
961,56.8,6.4,29.52959183673468
962,54.8,7.6,28.153061224489768
963,55.0,8.0,28.96326530612243
964,53.0,7.4,29.097959183673467
965,55.8,5.8,30.40408163265306
966,54.0,8.6,30.148979591836742
967,55.0,8.8,30.857142857142872
968,52.0,8.2,29.596938775510196
969,55.8,7.6,31.877551020408188
970,55.6,6.6,30.591836734693867
971,54.2,8.4,29.11020408163266
972,53.0,8.2,28.7795918367347
973,59.6,5.2,31.7591836734694
974,58.2,8.6,30.9581632653061
975,51.6,6.8,26.953061224489794
976,55.0,8.6,27.853061224489785
977,55.0,8.0,27.86836734693876
978,53.8,6.2,28.031632653061237
979,55.6,6.0,28.323469387755114
980,53.2,5.6,28.91326530612244
981,55.6,6.8,28.79285714285713
982,52.4,5.6,28.000000000000004
983,52.4,7.6,27.726530612244897
984,56.2,6.2,28.562244897959182
985,56.0,9.6,28.358163265306107
986,58.4,6.6,27.00510204081634
987,58.0,7.6,26.72142857142856
988,56.4,5.0,27.31836734693879
989,51.8,7.6,26.295918367346943
990,54.4,9.0,29.067346938775522
991,56.6,5.8,29.27857142857142
992,51.4,6.8,27.92551020408162
993,53.4,7.6,27.297959183673473
994,53.2,5.6,27.823469387755104
995,55.8,6.2,29.64795918367348
996,53.6,6.8,28.02448979591838
997,53.4,8.0,27.77448979591835
998,54.0,6.4,27.80714285714287
999,54.4,8.8,26.296938775510206
1000,54.2,7.6,27.835714285714296
